player_id,name,minutes,most_played_position,position,passes_per_90,pass_accuracy,progressive_passes_per_90,progressive_pass_accuracy,long_passes_per_90,long_pass_accuracy,crosses_per_90,cross_accuracy,key_passes_per_90,assists_per_90,passes_received_per_90,shots_per_90,shots_on_target_per_90,shot_accuracy,goals_per_90,xg_per_90,first_time_shots_per_90,headers_per_90,shots_outside_box_per_90,dribbles_per_90,successful_dribbles_per_90,dribble_success_rate,progressive_runs_per_90,fouls_won_per_90,pressures_per_90,blocks_per_90,interceptions_per_90,dribbled_past_per_90,clearances_per_90,ball_recoveries_per_90,fouls_made_per_90,yellow_cards_per_90,red_cards_per_90,duels_per_90,duels_won_per_90,duel_success_rate,touches_per_90,average_position_x,average_position_y,shots_faced_per_90,saves_per_90,goals_conceded_per_90,smothers_per_90,collections_per_90,punches_per_90,sweeper_claims_per_90,sweeper_clears_per_90,save_percentage,smother_success_rate,collection_success_rate,punch_success_rate,sweeper_success_rate,role
6557,Adrián González Morales,3254.3,Center Attacking Midfield,midfielder,28.48538856282457,71.06796116504854,8.103125096026796,57.33788395904437,3.097440309744031,35.714285714285715,0.8020157944872938,27.58620689655172,0.4701471898718618,0.0,25.8580954429524,1.2998187014104414,0.5254586239744338,0.404,0.1382785852564299,0.1334522624527547,0.5531143410257198,0.2489014534615738,0.0276557170512859,0.8020157944872938,0.3318686046154319,41.37931034482759,0.7190486433334358,0.4701471898718618,10.536828196539965,1.3827858525642995,0.7467043603847218,0.8020157944872938,0.6637372092308638,3.484620348462035,1.2998187014104416,0.0,0.1659343023077159,2.986817441538887,0.1382785852564299,4.62962962962963,86.78364010693544,66.97530274059926,26.28186743148501,0.0,0.0,0.0,0.0,0.0,0.0,0.0,0.0,0.0,0.0,0.0,0.0,0.0,False 10
3497,Vicente Iborra De La Fuente,2579.58,Center Attacking Midfield,midfielder,22.67811039006349,68.0,6.349870909217779,45.604395604395606,1.6049124276044937,43.47826086956522,0.45356220780127,30.76923076923077,0.3837834066010746,0.0697788012001953,27.52773707347708,1.1164608192031262,0.4186728072011723,0.375,0.2442258042006838,0.2412189301863094,0.5233410090014654,0.4186728072011723,0.0,0.3837834066010746,0.2093364036005861,54.54545454545454,0.5931198102016607,0.9769032168027354,9.489916963226571,1.465354825204103,0.6280092108017584,0.5233410090014654,0.9769032168027354,1.81424883120508,1.7444700300048843,0.0348894006000976,0.2093364036005861,4.116949270811528,0.1744470030004884,4.23728813559322,77.14046472681599,66.80203527815495,38.82718227046576,0.0,0.0,0.0,0.0,0.0,0.0,0.0,0.0,0.0,0.0,0.0,0.0,0.0,False 10
7782,Luis Alberto Romero Alconchel,2996.3,Center Attacking Midfield,midfielder,23.84941427760905,64.86146095717883,6.758335280178887,48.44444444444444,2.102593198277876,35.714285714285715,1.3516670560357775,17.77777777777778,0.8110002336214664,0.1802222741381036,33.64149117244602,2.3729266094850314,0.8410372793111504,0.354,0.1802222741381036,0.198041992573841,0.8110002336214664,0.0300370456896839,0.0,2.162667289657244,1.1113706905183058,51.388888888888886,3.12385275172713,0.7509261422420986,11.384040316390214,1.051296599138938,0.4205186396555752,0.9011113706905184,0.3604445482762073,3.3341120715549177,0.4205186396555752,0.0,0.0,2.8835563862096585,0.3003704568968394,10.416666666666668,100.834362380269,80.15224903187381,28.791659219541327,0.0,0.0,0.0,0.0,0.0,0.0,0.0,0.0,0.0,0.0,0.0,0.0,0.0,Second Striker
5719,Marco Asensio Willemsen,4126.18,Center Attacking Midfield,midfielder,28.68270409919101,71.86311787072243,6.696266280191362,54.39739413680782,4.471448167554493,33.170731707317074,1.5922717864950144,32.87671232876712,1.2432807100029566,0.1963074805267826,31.692752133935016,1.286904594564464,0.4580507878958261,0.356,0.0872477691230145,0.1312827606357453,0.348991076492058,0.0218119422807536,0.0,2.442937535444406,1.330528479125971,54.46428571428571,4.449636225273739,1.548647901933507,12.367371273187304,1.1996568254414492,0.4798627301765797,1.3523404214067247,0.1526835959652753,4.231516802466203,1.046973229476174,0.0,0.0654358268422608,2.1811942280753622,0.4362388456150725,20.0,103.91209302551026,72.72974391267861,40.52541981528126,0.0,0.0,0.0,0.0,0.0,0.0,0.0,0.0,0.0,0.0,0.0,0.0,0.0,Advanced Playmaker
24072,Salvador Sevilla López,1137.62,Center Attacking Midfield,midfielder,26.265361016859764,83.13253012048193,7.199240519681441,73.62637362637363,2.768938661415939,42.85714285714285,0.3955626659165627,40.0,0.870237865016438,0.0,27.214711415059515,0.5537877322831878,0.3164501327332502,0.571,0.0791125331833125,0.1042941393611223,0.1582250663666251,0.0791125331833125,0.0,0.3164501327332502,0.3164501327332502,100.0,1.028462931383063,0.870237865016438,7.357465586048066,0.4746751990998752,0.3164501327332502,0.6329002654665004,0.1582250663666251,1.9778133295828133,0.3955626659165627,0.0,0.1582250663666251,1.3449130641163132,0.0791125331833125,5.88235294117647,82.11880944427841,67.31541425818884,34.95770712909446,0.0,0.0,0.0,0.0,0.0,0.0,0.0,0.0,0.0,0.0,0.0,0.0,0.0,False 10
6928,Pedro Taunausú Domínguez Placeres,2704.75,Center Attacking Midfield,midfielder,38.26601349477771,82.78260869565217,7.054256400776412,69.33962264150944,2.0297624549403825,47.540983606557376,0.3992975321194195,50.0,0.964969035955264,0.0998243830298548,46.9174600240318,1.0315186246418335,0.5323967094925594,0.516,0.1663739717164248,0.0933765122063037,0.3327479434328496,0.0,0.0,2.0963120436269524,1.1313430076716888,53.96825396825397,3.460578611701636,2.0297624549403825,17.203068675478324,1.2977169793881136,0.7653202698955541,0.964969035955264,0.1663739717164248,4.126074498567335,1.0315186246418335,0.0,0.0665495886865699,2.828357519179222,0.3660227377761346,12.941176470588236,142.4826693779462,68.20446053246147,46.08423633815967,0.0,0.0,0.0,0.0,0.0,0.0,0.0,0.0,0.0,0.0,0.0,0.0,0.0,Second Striker
6926,Alen Halilović,3748.25,Center Attacking Midfield,midfielder,21.24991662775962,76.045197740113,6.435003001400653,68.28358208955224,2.9533782431801505,56.09756097560976,0.8163809777896351,47.05882352941176,0.5522577202694591,0.1200560261455345,26.50837057293404,1.416661108517308,0.3121456679783899,0.22,0.0720336156873207,0.1009099721483358,0.4322016941239245,0.0,0.0,3.145467885013006,1.704795571266591,54.19847328244275,3.9618488628026407,1.416661108517308,6.651103848462616,0.5282465150403521,0.264123257520176,0.8884145934769558,0.1440672313746414,3.169479090242113,0.2881344627492829,0.0,0.0480224104582138,1.0564930300807045,0.0720336156873207,6.8181818181818175,84.0392183018742,71.51134285714289,58.49337142857137,0.0,0.0,0.0,0.0,0.0,0.0,0.0,0.0,0.0,0.0,0.0,0.0,0.0,Second Striker
6852,Jozabed Sánchez Ruiz,3146.4,Center Attacking Midfield,midfielder,30.863844393592675,82.02038924930491,7.780320366132723,66.54411764705883,2.660183066361556,45.16129032258064,0.4576659038901601,18.75,0.7723112128146453,0.05720823798627,31.607551487414188,1.2871853546910754,0.6578947368421052,0.511,0.2574370709382151,0.1535963955606407,0.6006864988558352,0.200228832951945,0.05720823798627,1.0869565217391304,0.6578947368421052,60.526315789473685,1.5160183066361557,0.9439359267734554,11.670480549199084,0.8581235697940504,0.7151029748283753,1.1727688787185355,0.5720823798627002,3.632723112128146,0.6292906178489702,0.0,0.05720823798627,1.916475972540045,0.143020594965675,7.462686567164178,101.65903890160185,64.73033202025897,37.04122115925718,0.0,0.0,0.0,0.0,0.0,0.0,0.0,0.0,0.0,0.0,0.0,0.0,0.0,False 10
6391,Raúl García Escudero,3517.88,Center Attacking Midfield,midfielder,24.867249593505186,62.13991769547325,8.54491909900281,46.706586826347305,1.8164348982910163,29.577464788732392,0.7163405232696965,14.285714285714285,0.4349210319851729,0.1535015407006492,33.898256904726715,2.021103619225215,0.5372553924522724,0.266,0.1790851308174241,0.1368411826853104,0.7163405232696965,0.5116718023354975,0.2302523110509738,1.1512615552548695,0.5372553924522724,46.66666666666666,1.483848226772943,2.2257723401594145,16.347914084619145,1.5605989971232674,0.9465928343206704,1.04892719478777,0.7419241133864715,2.9932800436626605,2.0466872093419903,0.0,0.1535015407006492,4.758547761720127,0.614006162802597,12.903225806451612,99.11082811238587,72.65539494062988,46.39328859060405,0.0,0.0,0.0,0.0,0.0,0.0,0.0,0.0,0.0,0.0,0.0,0.0,0.0,False 10
15893,Víctor Rodríguez Romero,3299.43,Center Attacking Midfield,midfielder,28.423091261217845,82.82149712092131,5.073603622443876,71.50537634408603,1.3365945026868278,36.734693877551024,0.6819359707585856,32.0,0.5728262154372119,0.0272774388303434,35.95166437839263,1.227484747365454,0.3273292659641211,0.267,0.0545548776606868,0.1007182804211636,0.2727743883034342,0.1091097553213737,0.0,1.8275884016330093,0.9274329202316764,50.74626865671642,3.1914603431501805,1.1729298697047672,14.97531391785854,1.0910975532137368,0.9274329202316764,0.8183231649103027,0.1363871941517171,3.955228630399796,0.6819359707585856,0.0,0.0,2.291304861748848,0.2182195106427474,9.523809523809524,109.32797483201644,72.27866766467079,34.764770459081845,0.0,0.0,0.0,0.0,0.0,0.0,0.0,0.0,0.0,0.0,0.0,0.0,0.0,Second Striker
5504,Éver Maximiliano David Banega,2479.77,Center Attacking Midfield,midfielder,45.65746016767684,76.6295707472178,16.65880303415236,69.93464052287581,8.020905164591877,43.43891402714932,1.5969222952128623,25.0,1.379160164047472,0.0725873770551301,42.60879033136138,1.415453852575037,0.7258737705513012,0.513,0.1814684426378253,0.1170766882989148,0.4718179508583457,0.0725873770551301,0.0,3.629368852756505,2.504264508401989,69.0,2.649439262512249,2.2865023772365984,12.99314049286829,0.6169927049686059,0.7621674590788662,0.5806990164410409,0.2540558196929554,4.754473197111023,1.1251043443545168,0.036293688527565,0.2177621311653903,2.5768518854571187,0.8710485246615614,33.80281690140845,148.22342394657568,66.95732125367317,38.37688540646427,0.0,0.0,0.0,0.0,0.0,0.0,0.0,0.0,0.0,0.0,0.0,0.0,0.0,Advanced Playmaker
15602,Juan Carlos Valerón Santana,942.68,Center Attacking Midfield,midfielder,37.04332329104256,88.65979381443299,11.647642890482455,81.9672131147541,2.57775703313956,59.25925925925925,0.1909449654177451,0.0,0.5728348962532355,0.0,36.66143336020707,0.0954724827088725,0.0,0.0,0.0,0.0048175517885178,0.0,0.0954724827088725,0.0,1.432087240633089,0.5728348962532355,40.0,0.1909449654177451,1.6230322060508338,3.150591929392795,0.3818899308354903,0.2864174481266177,0.1909449654177451,0.3818899308354903,1.9094496541774515,0.0954724827088725,0.0,0.0,1.0501973097975985,0.0,0.0,115.04434166419144,62.520663900415045,46.04630705394192,0.0,0.0,0.0,0.0,0.0,0.0,0.0,0.0,0.0,0.0,0.0,0.0,0.0,False 10
6680,Rubén Rochina Naixes,3341.58,Center Attacking Midfield,midfielder,35.74057781049683,66.46571213262999,13.97841739536387,53.5645472061657,8.995744528037635,39.82035928143712,1.023467940315659,15.789473684210526,1.0504013071660712,0.1616002011024724,34.69017650333076,2.1008026143321423,0.6464008044098899,0.308,0.1616002011024724,0.0969422532759952,0.673334171260302,0.026933366850412,0.1077334674016483,2.8818702529940925,1.912269046379257,66.35514018691589,2.3970696496866752,2.58560321763956,13.33201659095398,1.1312014077173074,1.2120015082685436,0.7810676386619503,0.6194674375594779,5.575206938035301,1.4274684430718405,0.0,0.2424003016537087,2.935736986694917,0.7541342718115382,25.68807339449541,124.59375505000628,66.42057933419792,44.743514915694114,0.0,0.0,0.0,0.0,0.0,0.0,0.0,0.0,0.0,0.0,0.0,0.0,0.0,Advanced Playmaker
40822,Daniel Arnaud N''Di	,1062.72,Center Attacking Midfield,midfielder,19.224254742547423,67.40088105726872,5.250677506775068,43.54838709677419,1.2703252032520325,13.333333333333334,1.016260162601626,8.333333333333332,0.5928184281842819,0.0,37.7710027100271,1.016260162601626,0.3387533875338753,0.333,0.0846883468834688,0.1451891084857723,0.4234417344173442,0.2540650406504065,0.0,2.2018970189701896,1.43970189701897,65.38461538461539,3.133468834688347,3.556910569105692,10.755420054200542,0.8468834688346883,0.508130081300813,0.1693766937669376,0.1693766937669376,3.218157181571816,1.43970189701897,0.0,0.1693766937669376,5.504742547425474,0.1693766937669376,3.076923076923077,103.8279132791328,73.9671288743883,42.92504078303418,0.0,0.0,0.0,0.0,0.0,0.0,0.0,0.0,0.0,0.0,0.0,0.0,0.0,False 10
6606,Javier Eraso Goñi,1403.17,Center Attacking Midfield,midfielder,16.67652529629339,73.84615384615385,3.784288432620424,54.23728813559322,0.7696857829058489,25.0,0.0641404819088207,100.0,0.5772643371793866,0.0641404819088207,23.73197830626368,0.7055453009970281,0.3207024095441037,0.455,0.1282809638176414,0.1421313456958172,0.4489833733617451,0.0,0.0,0.8979667467234903,0.3207024095441037,35.714285714285715,0.8979667467234903,1.218669156267594,14.431608429484664,0.8338262648146696,0.5131238552705659,0.5772643371793866,0.4489833733617451,2.180776384899905,0.5131238552705659,0.0,0.0641404819088207,1.1545286743587733,0.0,0.0,67.7323488957147,72.68892045454541,40.5683712121213,0.0,0.0,0.0,0.0,0.0,0.0,0.0,0.0,0.0,0.0,0.0,0.0,0.0,False 10
26797,Francisco Medina Luna,1224.72,Center Attacking Midfield,midfielder,22.486772486772487,57.51633986928104,7.86302175191064,41.1214953271028,5.437977660199882,31.08108108108108,1.02880658436214,21.428571428571427,0.8818342151675485,0.1469723691945914,26.01410934744268,1.3227513227513228,0.5878894767783657,0.444,0.1469723691945914,0.1068844798941798,0.8083480305702528,0.0,0.0,1.9106407995296883,1.469723691945914,76.92307692307693,2.572016460905349,0.8818342151675485,8.303938859494414,1.3227513227513228,0.5878894767783657,0.8818342151675485,0.0734861845972957,3.08641975308642,1.469723691945914,0.0,0.2204585537918871,2.792475014697237,0.3674309229864785,13.157894736842104,84.06819517930629,71.88321678321672,45.37001748251747,0.0,0.0,0.0,0.0,0.0,0.0,0.0,0.0,0.0,0.0,0.0,0.0,0.0,Advanced Playmaker
24783,Javier Márquez Moreno,2005.78,Center Attacking Midfield,midfielder,27.14654648067086,70.74380165289256,11.30732183988274,56.34920634920635,6.865159688500234,42.48366013071895,0.5833142218987127,0.0,0.4935735723758338,0.0448703247614394,23.422309525471388,0.9871471447516678,0.2243516238071972,0.227,0.0,0.0372937209464647,0.4935735723758339,0.0,0.0,0.5384438971372733,0.4038329228529549,75.0,1.032017469513107,1.3461097428431832,14.627725872229258,1.3461097428431832,0.8076658457059099,1.3461097428431832,1.1666284437974257,3.23066338282364,1.6602020161732591,0.0,0.2243516238071972,3.1857930580622003,0.4935735723758338,15.492957746478872,84.40108087626759,60.96230728335996,35.28511430090372,0.0,0.0,0.0,0.0,0.0,0.0,0.0,0.0,0.0,0.0,0.0,0.0,0.0,Advanced Playmaker
6673,Sergio Canales Madrazo,1315.95,Center Attacking Midfield,midfielder,34.94813632736806,76.51663405088063,7.523082183973554,54.54545454545454,2.9408412173714806,32.55813953488372,2.2569246551920665,24.24242424242424,0.6839165621794141,0.0,39.18841901288042,1.6413997492305936,0.341958281089707,0.208,0.0,0.0673843712116721,0.2735666248717656,0.0,0.0,0.6839165621794141,0.0683916562179414,10.0,2.804057904935598,1.162658155705004,12.65245640031916,1.3678331243588282,0.4787415935255898,0.8206998746152968,0.0683916562179414,2.872449561153539,1.162658155705004,0.0,0.2051749686538242,2.667274592499715,0.2051749686538242,7.6923076923076925,117.7704320072951,74.06335656213695,37.95743321718936,0.0,0.0,0.0,0.0,0.0,0.0,0.0,0.0,0.0,0.0,0.0,0.0,0.0,Advanced Playmaker
9246,Patrick Ebert,872.87,Center Attacking Midfield,midfielder,28.04541340634917,69.48529411764706,5.052298738643784,51.02040816326531,3.711892950840331,19.444444444444446,1.546622062850138,6.666666666666667,0.8248651001867403,0.0,30.313792431862705,1.0310813752334254,0.4124325500933701,0.4,0.0,0.1200079286995772,0.5155406876167127,0.1031081375233425,0.0,0.8248651001867403,0.5155406876167127,62.5,1.340405787803453,0.8248651001867403,11.135678852520993,0.5155406876167127,0.3093244125700276,1.0310813752334254,0.6186488251400551,2.680811575606906,1.2372976502801103,0.0,0.3093244125700276,1.4435139253267957,0.0,0.0,88.36367385750455,73.59451575262554,41.52567094515747,0.0,0.0,0.0,0.0,0.0,0.0,0.0,0.0,0.0,0.0,0.0,0.0,0.0,Advanced Playmaker
8061,Siem Stefan de Jong,1254.35,Center Attacking Midfield,midfielder,14.350061784988242,76.5,3.300514210547296,67.3913043478261,0.4305018535496472,50.0,0.1435006178498824,0.0,0.0717503089249412,0.0717503089249412,17.14832383306095,0.5740024713995296,0.2152509267748236,0.375,0.0,0.0539598199705026,0.2870012356997648,0.1435006178498824,0.0,0.5740024713995296,0.2870012356997648,50.0,0.2870012356997648,0.4305018535496472,7.749033363893651,0.8610037070992945,0.1435006178498824,0.5740024713995296,0.2870012356997648,1.9372583409734128,0.6457527803244709,0.0,0.0,2.583011121297884,0.1435006178498824,5.555555555555555,49.50771315820944,71.15115942028984,43.815942028985496,0.0,0.0,0.0,0.0,0.0,0.0,0.0,0.0,0.0,0.0,0.0,0.0,0.0,False 10
3567,Georginio Wijnaldum,4854.15,Center Attacking Midfield,midfielder,23.43561694632428,83.46518987341773,4.690831556503198,71.93675889328063,1.3905627143784185,54.66666666666666,0.3708167238342449,25.0,0.7045517752850654,0.074163344766849,27.5516825808844,1.0012051543524614,0.5376842495596551,0.537,0.2039491981088347,0.143175046518958,0.4449800686010939,0.1854083619171224,0.0,2.169277834430333,1.5018077315286922,69.23076923076923,1.65013442106239,1.1680726800778716,7.6573653471771586,0.7601742838602021,0.4264392324093817,0.4264392324093817,0.5191434133679429,4.153147306943543,0.3522758876425327,0.0,0.0,1.8540836191712249,0.3708167238342449,20.0,87.9391860572912,67.1829854522452,34.277503689647865,0.0,0.0,0.0,0.0,0.0,0.0,0.0,0.0,0.0,0.0,0.0,0.0,0.0,False 10
3076,Ayoze Pérez Gutiérrez,3262.65,Center Attacking Midfield,midfielder,18.15088961427061,70.36474164133737,4.41359017976185,61.25000000000001,2.2619649671279483,34.14634146341464,0.9378879131993932,38.23529411764706,0.7172084042113006,0.0551698772470231,26.67463564893568,1.4068318697990896,0.4413590179761849,0.314,0.1655096317410694,0.1016554997977104,0.5516987724702312,0.0275849386235115,0.0,2.979173371339249,1.5999264401636708,53.70370370370371,2.041285458139856,1.4344168084226012,15.999264401636706,1.7654360719047402,0.9378879131993932,1.1861523608109972,0.4689439565996965,3.9446462231621537,1.130982483563974,0.0,0.1103397544940462,2.951588432715737,0.4137740793526734,14.018691588785046,86.3684428302147,71.60600447141485,32.48875758543596,0.0,0.0,0.0,0.0,0.0,0.0,0.0,0.0,0.0,0.0,0.0,0.0,0.0,False 10
4275,Ross Barkley,4389.63,Center Attacking Midfield,midfielder,39.38600747671216,82.92555960437272,9.492827413700017,68.03455723542116,3.36247018541426,37.19512195121951,0.7381032114323985,33.33333333333333,1.107154817148598,0.1640229358738663,43.17903786879532,1.9477723635021629,0.5740802755585322,0.295,0.1640229358738663,0.1575633737570136,0.4510630736531325,0.0410057339684665,0.0205028669842332,2.9729157127138275,1.9272694965179296,64.82758620689654,3.711018924146226,1.7632465606440633,8.631707000362217,0.7381032114323985,0.2255315368265662,0.5535774085742989,0.4510630736531325,4.98219667716869,0.697097477463932,0.0,0.0615086009526998,1.74274369365983,0.2050286698423329,11.76470588235294,139.07094675405443,70.30903729913044,34.198923780038335,0.0,0.0,0.0,0.0,0.0,0.0,0.0,0.0,0.0,0.0,0.0,0.0,0.0,Second Striker
15892,Jordon Mutch,1664.15,Center Attacking Midfield,midfielder,19.307153802241384,70.86834733893558,4.921431361355647,49.45054945054945,3.028573145449629,28.57142857142857,1.1357149295436109,19.047619047619047,0.3785716431812036,0.0,20.713277048343,0.8653066129856082,0.108163326623201,0.125,0.0,0.0637931197716552,0.108163326623201,0.108163326623201,0.0,0.8653066129856083,0.6489799597392062,75.0,2.0551032058408194,0.5948982964276057,11.194904305501309,0.5408166331160051,0.5948982964276057,0.5408166331160051,0.4326533064928041,2.5418381756452244,0.6489799597392062,0.0,0.0,2.974491482138028,0.3785716431812036,12.727272727272728,67.16942583300784,71.83864734299513,39.25354267310784,0.0,0.0,0.0,0.0,0.0,0.0,0.0,0.0,0.0,0.0,0.0,0.0,0.0,False 10
3496,Mesut Özil,4194.95,Center Attacking Midfield,midfielder,53.87191742452234,81.64078056551175,12.894075018772572,69.05158069883528,6.307584119000226,48.29931972789115,1.909438729901429,48.31460674157304,2.6388872334592786,0.4076329872823275,57.454796839056485,1.0512640198333711,0.4076329872823275,0.388,0.1287262065102087,0.1280019217597349,0.5149048260408349,0.0,0.0214543677517014,1.9738018331565328,1.1585358585918784,58.69565217391305,2.9392483819830986,1.137081490840177,10.019189740044578,0.5363591937925363,0.4076329872823275,0.7509028713095508,0.1287262065102087,3.303972633762023,0.5149048260408348,0.0,0.0643631032551043,1.2228989618469823,0.193089309765313,15.789473684210526,168.7815111026353,77.00483030380018,37.7804754035845,0.0,0.0,0.0,0.0,0.0,0.0,0.0,0.0,0.0,0.0,0.0,0.0,0.0,Second Striker
9638,Jack Grealish,1437.22,Center Attacking Midfield,midfielder,21.41634544467792,78.65497076023392,4.070358052351066,56.92307692307692,1.3776596484880532,18.181818181818183,0.37572535867856,16.666666666666664,0.6888298242440266,0.0,28.179401900892,1.0019342898094934,0.2504835724523733,0.25,0.0626208931130933,0.0441450640611736,0.3131044655654666,0.0,0.0,2.06648947273208,1.1897969691487733,57.57575757575758,3.7572535867856,1.31503875537496,7.70236985291048,0.6888298242440266,0.18786267933928,0.2504835724523733,0.18786267933928,4.070358052351066,0.37572535867856,0.0,0.0626208931130933,1.3776596484880532,0.1252417862261866,9.090909090909092,87.60662946521757,72.55704074338806,28.10750536097203,0.0,0.0,0.0,0.0,0.0,0.0,0.0,0.0,0.0,0.0,0.0,0.0,0.0,Second Striker
3094,Bamidele Alli,3348.52,Center Attacking Midfield,midfielder,29.40403521555792,74.04021937842778,7.821365857154803,51.546391752577314,1.6395302999534125,31.14754098360656,0.4569182803148854,23.52941176470588,1.2632446573411538,0.2150203672070049,38.5692783677565,1.96206085076392,0.7794488311253926,0.397,0.2687754590087561,0.2257300827431224,0.5375509180175122,0.2150203672070049,0.0268775459008756,2.849019865492815,1.1288569278367755,39.62264150943396,3.1446728704024465,2.0158159425656708,18.518629125703296,1.6126527540525368,0.8600814688280196,1.021346744233273,0.9407141065306464,5.26799899657162,1.4782650245481586,0.0,0.134387729504378,3.4940809671138298,0.4569182803148854,13.076923076923078,122.26595630308316,72.93620575950736,33.86522312596175,0.0,0.0,0.0,0.0,0.0,0.0,0.0,0.0,0.0,0.0,0.0,0.0,0.0,Advanced Playmaker
3064,David Josué Jiménez Silva,2449.78,Center Attacking Midfield,midfielder,54.66613328543787,82.39247311827957,13.886961278155589,78.04232804232805,4.665725085517883,52.75590551181102,1.5429956975728432,23.809523809523807,1.8368996399676705,0.3673799279935341,56.20912898301072,1.0654017911812488,0.1469519711974136,0.138,0.0734759855987068,0.1041525383912024,0.2571659495954738,0.0367379927993534,0.0,1.8368996399676705,1.1388777767799556,62.0,4.188131179126289,1.432781719174783,11.976585652589211,0.8817118271844818,0.6612838703883613,1.1021397839806022,0.183689963996767,4.592249099919176,0.808235841585775,0.0,0.0367379927993534,2.3144935463592646,0.3673799279935341,15.873015873015872,174.68915576092547,75.55099894847544,36.4415141955837,0.0,0.0,0.0,0.0,0.0,0.0,0.0,0.0,0.0,0.0,0.0,0.0,0.0,Second Striker
19688,Jason Puncheon,3759.15,Center Attacking Midfield,midfielder,33.70974821435697,74.28977272727273,10.175172578907466,59.05882352941176,5.554447148956546,37.5,1.2928454570847134,24.07407407407408,1.2928454570847134,0.0718247476158174,31.459239455728024,1.2689038745461074,0.359123738079087,0.283,0.0478831650772116,0.0856140767447428,0.4548900682335102,0.0239415825386058,0.0,1.9871513507042813,1.244962292007502,62.65060240963856,2.22656717609034,0.9576633015442322,13.790351542236944,0.981604884082838,0.4548900682335102,1.101312796775867,0.5506563983879335,5.554447148956546,1.0294880491600495,0.0,0.0718247476158174,2.537807749092216,0.359123738079087,14.150943396226417,111.63959937751886,70.50654085352797,40.74492815783832,0.0,0.0,0.0,0.0,0.0,0.0,0.0,0.0,0.0,0.0,0.0,0.0,0.0,Advanced Playmaker
9528,Steven Naismith,1888.55,Center Attacking Midfield,midfielder,24.11373805300363,73.3201581027668,5.4327394032458765,51.75438596491229,0.5718673056048291,50.0,0.4289004792036218,55.55555555555556,0.8578009584072437,0.0476556088004024,39.45884408673321,1.239045828810463,0.3812448704032194,0.308,0.1906224352016097,0.1529537546636308,0.3812448704032194,0.1906224352016097,0.0,1.4773238728124751,0.5242116968044267,35.483870967741936,1.6202906992136823,2.0491911784173045,14.106060204919116,1.57263509041328,0.667178523205634,0.667178523205634,0.4289004792036218,2.478091657620926,1.4773238728124751,0.0,0.0953112176008048,4.289004792036218,0.2859336528024145,6.666666666666667,100.79161261285114,77.19186761229335,32.35437352245855,0.0,0.0,0.0,0.0,0.0,0.0,0.0,0.0,0.0,0.0,0.0,0.0,0.0,False 10
4090,Adam David Lallana,3060.1,Center Attacking Midfield,midfielder,30.76370053266233,78.10707456978967,6.088036338681743,65.21739130434783,1.9411130355217152,34.84848484848485,1.264664553445966,18.6046511627907,1.2940753570144767,0.2058756249795758,39.46929838894154,1.235253749877455,0.4705728570961733,0.381,0.1176432142740433,0.1142831427567726,0.3529296428221299,0.1176432142740433,0.0,2.146988660501291,1.264664553445966,58.9041095890411,2.911669553282573,1.05878892846639,17.852357766086076,1.617594196268096,0.4999836606646842,1.2058429463089442,0.9999673213293684,3.941047678180452,0.9705565177608576,0.0,0.0,3.411653213947257,0.5882160713702167,17.24137931034483,116.37854972059738,74.71053828658086,43.26161233257512,0.0,0.0,0.0,0.0,0.0,0.0,0.0,0.0,0.0,0.0,0.0,0.0,0.0,Advanced Playmaker
3535,Roberto Firmino Barbosa de Oliveira,2774.43,Center Attacking Midfield,midfielder,33.89885489992539,74.44976076555024,5.611963538456548,57.22543352601156,1.3948811107146333,34.88372093023256,1.0056119635384566,25.806451612903224,1.200246537126545,0.2270736691861031,47.19888409511143,2.1085412138709576,0.8758555811463976,0.415,0.3243909559801473,0.2384844029714211,0.4217082427741915,0.1946345735880883,0.0324390955980147,2.919518603821325,1.7841502578908102,61.11111111111112,2.2058585006650016,0.7460991987543387,19.917604697181044,1.84902844908684,0.4217082427741915,1.2326856327245597,0.356830051578162,3.990008758555812,1.038051059136471,0.0,0.0,4.833425244104195,0.5839037207642651,12.08053691275168,134.297855775781,75.14838164251202,43.419637681159365,0.0,0.0,0.0,0.0,0.0,0.0,0.0,0.0,0.0,0.0,0.0,0.0,0.0,Advanced Playmaker
3504,Ruben Loftus-Cheek,996.08,Center Attacking Midfield,midfielder,22.407838727813026,84.2741935483871,4.156292667255642,69.56521739130434,0.1807083768372018,50.0,0.0903541884186009,0.0,0.3614167536744037,0.0,28.46156935185929,1.2649586378604127,0.3614167536744036,0.286,0.0903541884186009,0.1236993909023371,0.2710625652558027,0.0903541884186009,0.0,1.7167295799534177,0.8131876957674082,47.368421052631575,2.4395630873022247,1.2649586378604127,11.565336117580918,0.99389607260461,0.4517709420930045,0.7228335073488074,0.2710625652558027,2.6202714641394267,0.3614167536744037,0.0,0.0,1.8974379567906192,0.2710625652558027,14.285714285714285,87.55320857762429,68.64994840041297,44.41279669762638,0.0,0.0,0.0,0.0,0.0,0.0,0.0,0.0,0.0,0.0,0.0,0.0,0.0,False 10
3606,Ander Herrera Agüera,2397.5,Center Attacking Midfield,midfielder,42.11887382690303,81.90730837789661,9.347236704900938,61.44578313253012,2.777893639207508,39.18918918918919,0.8258602711157456,36.36363636363637,0.7507820646506778,0.0750782064650677,43.16996871741397,0.9009384775808134,0.2252346193952033,0.25,0.1126173096976016,0.1060469879311783,0.3003128258602711,0.0375391032325338,0.0,1.313868613138686,0.7883211678832117,60.0,0.7883211678832117,1.0886339937434828,13.664233576642337,1.1637122002085505,0.9384775808133472,1.35140771637122,1.013555787278415,3.6412930135557873,1.1637122002085505,0.0,0.1126173096976016,2.852971845672576,0.5255474452554745,18.421052631578945,136.00417101147028,69.48457079768146,45.33345293955297,0.0,0.0,0.0,0.0,0.0,0.0,0.0,0.0,0.0,0.0,0.0,0.0,0.0,Advanced Playmaker
4891,Ibrahim Afellay,3302.22,Center Attacking Midfield,midfielder,36.27559641695586,86.10067618332081,8.012791394879809,75.51020408163265,2.8617112124570743,47.61904761904761,0.8176317749877355,10.0,0.5178334574922325,0.0545087849991823,37.36577211693952,1.0629213074840562,0.2452895324963206,0.231,0.0545087849991823,0.0603222498046768,0.3270527099950942,0.0272543924995911,0.0,1.60800915747588,1.0901756999836474,67.79661016949152,2.4528953249632064,1.1446844849828297,9.43001980485855,0.8721405599869179,0.299798317495503,0.4360702799934589,0.3543071024946854,4.306194014935407,0.6813598124897796,0.0,0.0817631774987735,1.2537020549811946,0.2452895324963206,19.565217391304348,119.51051111070734,64.53874572405925,36.45001140250852,0.0,0.0,0.0,0.0,0.0,0.0,0.0,0.0,0.0,0.0,0.0,0.0,0.0,Second Striker
4913,Bojan Krkíc Pérez,2281.93,Center Attacking Midfield,midfielder,29.89574614471084,80.34300791556728,6.665410420126823,64.49704142011834,2.366417900636742,48.333333333333336,0.7493656685349682,15.789473684210526,1.0254477569425882,0.0394402983439457,40.15022371413672,1.459291038725991,0.5916044751591855,0.405,0.2760820884076199,0.1904724482197088,0.3549626850955112,0.1183208950318371,0.1183208950318371,3.470746254267221,1.7353731271336106,50.0,3.786268641018786,1.3804104420380994,11.240485028024525,0.8676865635668053,0.4732835801273483,1.2226492486623166,0.1577611933757828,3.786268641018786,0.3944029834394569,0.0,0.0394402983439457,1.0254477569425882,0.1577611933757828,15.384615384615383,118.28145473349316,72.96395465155067,33.800900300100054,0.0,0.0,0.0,0.0,0.0,0.0,0.0,0.0,0.0,0.0,0.0,0.0,0.0,Second Striker
40122,Oscar dos Santos Emboaba Júnior,2624.88,Center Attacking Midfield,midfielder,37.578860747919904,80.47445255474453,8.57182042607662,67.2,3.7030264240651,59.25925925925925,1.3029167047636463,34.21052631578947,0.9257566060162752,0.1028618451129194,43.09911310231325,1.7486513669196306,0.5143092255645972,0.294,0.1028618451129194,0.1752049273463929,0.4457346621559842,0.0685745634086129,0.0342872817043064,2.53725884611868,1.3372039864679528,52.702702702702695,3.2915790436134222,1.4400658315808723,13.612050836609674,1.1657675779464205,0.5143092255645972,1.2343421413550333,0.6857456340861297,3.531590015543568,0.7543201974947427,0.0,0.1371491268172259,3.3258663253177287,0.4457346621559843,13.402061855670103,132.31462009691873,72.07022544700682,32.81132417724804,0.0,0.0,0.0,0.0,0.0,0.0,0.0,0.0,0.0,0.0,0.0,0.0,0.0,Advanced Playmaker
3944,Gylfi Þór Sigurðsson,4532.75,Center Attacking Midfield,midfielder,26.725497766256687,71.99108469539375,5.499972422922068,49.45848375451264,3.474711819535602,31.428571428571427,1.1317632783630247,17.543859649122805,1.1317632783630247,0.059566488334896,29.425845237438644,1.767139153935249,0.6155203794605923,0.348,0.2184104572279521,0.1488241313242513,0.3573989300093762,0.019855496111632,0.019855496111632,1.0721967900281286,0.5758093872373283,53.70370370370371,0.7942198444652805,0.6552313716838564,14.752633610942585,1.409740223925873,0.5360983950140643,0.9530638133583366,0.3971099222326402,2.402515029507473,0.7545088522420165,0.0,0.09927748055816,1.727428161711985,0.1588439688930561,9.195402298850574,88.7540676189951,75.49230425055954,38.85715883668911,0.0,0.0,0.0,0.0,0.0,0.0,0.0,0.0,0.0,0.0,0.0,0.0,0.0,Advanced Playmaker
3828,Steven Davis,3718.88,Center Attacking Midfield,midfielder,39.54416383427269,79.5593635250918,12.148818999268595,66.53386454183267,5.517790302456654,45.17543859649123,1.1374392290151871,23.404255319148938,1.1132383943552897,0.0484016693197952,37.124080368282925,0.484016693197952,0.1936066772791808,0.4,0.121004173299488,0.0499506709778212,0.1936066772791808,0.0242008346598976,0.0,0.8712300477563137,0.5566191971776449,63.888888888888886,2.5410876392892483,0.6050208664974401,13.43146323624317,1.403648410274061,0.5082175278578497,0.8470292130964161,0.9922342210558016,4.404551908101364,0.5324183625177473,0.0,0.0968033386395904,2.855698489867917,0.3872133545583616,13.559322033898304,120.49595577163016,69.60496083550906,40.4272946374772,0.0,0.0,0.0,0.0,0.0,0.0,0.0,0.0,0.0,0.0,0.0,0.0,0.0,Advanced Playmaker
3629,Sadio Mané,3806.7,Center Attacking Midfield,midfielder,24.659153597604224,78.13998082454458,4.846717629442825,68.78048780487805,1.4421940263220112,49.18032786885246,1.5367641264087004,35.38461538461539,0.8747734258018757,0.1418551501300338,37.307904484198914,2.033257151863819,0.7802033257151864,0.384,0.2600677752383954,0.2849415609977146,0.6383481755851526,0.0945701000866892,0.0236425250216723,3.47545117818583,1.8914020017337847,54.421768707483,4.6339349042477735,2.0568996768854912,11.93947513594452,1.4421940263220112,0.4964930254551186,0.6856332256284972,0.2837103002600677,5.437780754984632,1.2530538261486326,0.0472850500433446,0.1182126251083615,2.789817952557333,0.4019229253684293,14.40677966101695,113.17676727874536,78.46386045539998,45.20225611029871,0.0,0.0,0.0,0.0,0.0,0.0,0.0,0.0,0.0,0.0,0.0,0.0,0.0,Advanced Playmaker
10966,Wes Hoolahan,2574.15,Center Attacking Midfield,midfielder,41.25633704329584,79.49152542372882,10.174232270846687,65.29209621993127,3.741040731892081,45.794392523364486,1.7131868772216072,30.612244897959183,1.3285939047841036,0.2447409824602296,46.360934677466346,0.9090379348522812,0.2797039799545481,0.308,0.139851989977274,0.1234786452048249,0.2447409824602296,0.069925994988637,0.0349629974943185,1.9928908571761552,1.153778917312511,57.89473684210527,3.9857817143523104,1.6782238797272886,16.397645824835383,1.433482897267059,0.5244449624147777,1.8180758697045627,0.209777984965911,5.629042596585281,0.7691859448750072,0.0,0.0349629974943185,2.307557834625022,0.2797039799545481,12.12121212121212,145.30621758638773,73.72273820981715,39.06460538979781,0.0,0.0,0.0,0.0,0.0,0.0,0.0,0.0,0.0,0.0,0.0,0.0,0.0,Advanced Playmaker
4417,Ola Toivonen,941.77,Center Attacking Midfield,midfielder,24.94239570171061,72.03065134099617,5.638319334869449,44.06779661016949,1.242341548361065,46.15384615384615,0.1911294689786253,50.0,0.5733884069358761,0.1911294689786253,26.08917251558236,0.6689531414251887,0.1911294689786253,0.286,0.0,0.0390219465049852,0.0955647344893126,0.286694203467938,0.0,0.286694203467938,0.0955647344893126,33.33333333333333,0.7645178759145015,0.9556473448931267,10.894379731781646,0.9556473448931267,0.0,1.1467768138717522,0.8600826104038142,2.2935536277435045,1.242341548361065,0.0,0.0955647344893126,4.778236724465634,0.286694203467938,6.0,74.73162237064251,63.506905370844,42.566240409207154,0.0,0.0,0.0,0.0,0.0,0.0,0.0,0.0,0.0,0.0,0.0,0.0,0.0,False 10
3595,Manuel Lanzini,2651.65,Center Attacking Midfield,midfielder,37.98012558218468,86.59517426273459,8.824694058416458,76.92307692307693,2.0025267286406576,47.45762711864407,0.8145871438538269,41.66666666666667,1.0861161918051023,0.0678822619878189,39.77900552486188,1.6291742877076536,0.3394113099390945,0.208,0.1697056549695472,0.1169795563064507,0.2715290479512756,0.0,0.0,2.918937265476213,1.730997680689382,59.30232558139535,3.73352440933004,1.3237041087624686,9.435634416306828,0.8485282748477363,0.8485282748477363,1.0861161918051023,0.1697056549695472,5.125110780080328,0.4412347029208229,0.0,0.0678822619878189,2.138291252616296,0.2036467859634567,9.523809523809524,133.35470367507023,67.96940697378476,33.11893611606014,0.0,0.0,0.0,0.0,0.0,0.0,0.0,0.0,0.0,0.0,0.0,0.0,0.0,Second Striker
19847,Alessandro Diamanti,1342.25,Center Attacking Midfield,midfielder,40.432110262618735,64.6766169154229,15.15365989942261,49.11504424778761,10.191842056248836,32.89473684210527,4.2913019184205625,31.25,1.408083441981747,0.0670515924753212,49.55112683926243,1.6092382194077108,0.4023095548519277,0.25,0.0670515924753212,0.099856397013224,0.1341031849506425,0.0,0.0670515924753212,1.9444961817843167,1.0728254796051406,55.172413793103445,3.017321661389458,3.352579623766064,10.862357981002049,0.7375675172285341,0.1341031849506425,0.8046191097038554,0.2011547774259638,4.69361147327249,1.4751350344570682,0.0,0.2011547774259638,2.0115477742596384,0.2682063699012851,13.333333333333334,146.37362637362637,73.9263857077415,45.204031149793856,0.0,0.0,0.0,0.0,0.0,0.0,0.0,0.0,0.0,0.0,0.0,0.0,0.0,Second Striker
7696,Ryder Matos Santos,2528.98,Center Attacking Midfield,midfielder,17.75814755355914,75.1503006012024,3.0605224240602933,55.81395348837209,0.747336870991467,23.809523809523807,0.996449161321956,32.142857142857146,0.8185118110858923,0.0711749400944254,34.30632112551305,1.2099739816052322,0.4982245806609779,0.412,0.0711749400944254,0.177794115936069,0.2491122903304889,0.3558747004721271,0.0,1.3167363917468702,0.8540992811331051,64.86486486486487,3.9146217051933982,1.601436152124572,11.565927765344131,0.9252742212275304,0.2135248202832762,0.2491122903304889,0.2135248202832762,2.704647723588166,1.2099739816052322,0.0,0.0711749400944254,2.384360493163252,0.1779373502360635,7.462686567164178,88.93308764798456,78.42661064425765,41.79315726290519,0.0,0.0,0.0,0.0,0.0,0.0,0.0,0.0,0.0,0.0,0.0,0.0,0.0,Second Striker
7150,Riccardo Saponara,3779.42,Center Attacking Midfield,midfielder,28.62343957538458,72.79534109816971,8.572743966005365,59.44444444444444,2.1908123468680376,44.56521739130434,0.7143953305004471,23.33333333333333,1.4764170163675907,0.2381317768334823,42.86371983002682,1.7383619708844211,0.5715162644003577,0.329,0.1190658884167411,0.1638382780138222,0.5715162644003577,0.0,0.0238131776833482,2.8575813220017885,1.5002301940509388,52.5,3.64341618555228,1.9288673923512072,10.430171825306529,0.8334612189171883,0.0952527107333929,0.3810108429335718,0.5000767313503129,3.23859216493536,0.8810875742838847,0.0,0.0714395330500447,1.3811643056341978,0.1428790661000894,10.344827586206897,121.23288758592588,73.50104105283852,39.50671773718314,0.0,0.0,0.0,0.0,0.0,0.0,0.0,0.0,0.0,0.0,0.0,0.0,0.0,Second Striker
26192,Matías Ariel Fernández Fernández,2050.62,Center Attacking Midfield,midfielder,30.502969833513767,86.33093525179856,5.222810662141206,73.10924369747899,2.194458261403868,36.0,0.7022266436492378,31.25,0.8777833045615473,0.131667495684232,32.91687392105802,1.0972291307019342,0.1755566609123094,0.16,0.0438891652280773,0.0353352723907891,0.3072241565965415,0.0438891652280773,0.0,0.8777833045615473,0.5705591479650057,65.0,2.8527957398250288,1.7555666091230946,9.348392193580478,0.965561635017702,0.4388916522807736,0.5266699827369283,0.0877783304561547,2.413904087544255,0.8777833045615473,0.0438891652280773,0.2194458261403868,1.3166749568423208,0.2633349913684641,20.0,103.09564912075372,71.94372073222652,42.476415495955735,0.0,0.0,0.0,0.0,0.0,0.0,0.0,0.0,0.0,0.0,0.0,0.0,0.0,Second Striker
6997,Borja Valero Iglesias,4700.53,Left Attacking Midfield,midfielder,44.82260511048754,86.20247757368645,10.549874163126283,76.76950998185119,4.116557069096464,54.88372093023256,1.0339259615405072,31.48148148148148,1.378567948720676,0.1148806623933896,47.25424579781429,0.6892839743603382,0.2680548789179093,0.389,0.0765871082622597,0.0595143497797057,0.2106145477212144,0.0191467770655649,0.0,1.5508889423107606,1.014779184474942,65.4320987654321,3.580447311260645,2.08699870014658,11.449772685207838,0.9956324074093772,0.363788764245734,0.8616049679504226,0.3254952101146041,3.791061858981859,0.6892839743603381,0.0,0.0574403311966948,1.7232099359008453,0.344641987180169,20.0,146.33881711211288,67.77183043307618,35.71106895198237,0.0,0.0,0.0,0.0,0.0,0.0,0.0,0.0,0.0,0.0,0.0,0.0,0.0,Second Striker
11512,Rade Krunić,1085.58,Center Attacking Midfield,midfielder,13.92803846791577,76.19047619047619,1.7410048084894711,61.90476190476191,0.414524954402255,60.0,0.082904990880451,100.0,0.497429945282706,0.0,22.88177748300448,0.580334936163157,0.248714972641353,0.429,0.082904990880451,0.075185963190184,0.414524954402255,0.0,0.0,0.994859890565412,0.414524954402255,41.66666666666667,1.4093848449676671,2.1555297628917263,13.762228486154868,1.160669872326314,0.331619963521804,0.497429945282706,0.497429945282706,1.9897197811308245,0.746144917924059,0.0,0.248714972641353,2.072624772011275,0.331619963521804,16.0,64.83170286851269,71.68810741687975,44.00716112531972,0.0,0.0,0.0,0.0,0.0,0.0,0.0,0.0,0.0,0.0,0.0,0.0,0.0,False 10
386641,Stefano Mauri,882.03,Center Attacking Midfield,midfielder,20.71358117070848,71.92118226600985,4.99982993775722,40.81632653061224,2.755008333049896,25.925925925925924,0.6122240740110881,16.666666666666664,0.4081493826740587,0.1020373456685146,29.59083024386926,0.612224074011088,0.1020373456685146,0.167,0.1020373456685146,0.0429572118295296,0.4081493826740587,0.1020373456685146,0.0,0.5101867283425734,0.2040746913370293,40.0,0.4081493826740587,1.4285228393592055,8.469099690486718,0.9183361110166322,0.2040746913370293,0.1020373456685146,0.306112037005544,1.632597530696235,0.7142614196796028,0.0,0.0,2.3468589503758377,0.0,0.0,76.63004659705453,73.61624500665772,41.37603195739016,0.0,0.0,0.0,0.0,0.0,0.0,0.0,0.0,0.0,0.0,0.0,0.0,0.0,False 10
6822,Carlos Joaquín Correa,2036.58,Center Attacking Midfield,midfielder,28.81301004625401,80.3680981595092,5.877500515570221,67.66917293233082,2.297970126388357,55.76923076923077,0.3977255987979848,22.22222222222222,0.8838346639955219,0.044191733199776,37.60716495300946,1.5467106619921631,0.6186842647968653,0.4,0.1325751995993283,0.1738038497024423,0.441917331997761,0.1325751995993283,0.0,3.0934213239843267,1.5909023951919394,51.42857142857142,4.507556786377162,1.900244527590372,14.671655422325664,0.6628759979966414,0.7070677311964175,1.0606015967946263,0.3535338655982087,3.756297321980968,0.7954511975959697,0.044191733199776,0.2651503991986566,2.2095866599888048,0.2209586659988804,10.0,114.01467165542232,73.24503875968979,28.215077519379893,0.0,0.0,0.0,0.0,0.0,0.0,0.0,0.0,0.0,0.0,0.0,0.0,0.0,Second Striker
7045,Valter Birsa,2669.68,Center Attacking Midfield,midfielder,36.47628180156424,66.45101663585952,11.293488358155283,51.94029850746269,6.843516825986636,33.004926108374384,2.1912738605375925,30.76923076923077,1.753019088430074,0.2359833388271253,39.17323424530281,1.8204428995235389,0.6742381109346439,0.37,0.2022714332803931,0.180136726757514,0.4719666776542507,0.0674238110934643,0.0,2.831800065925504,1.6518833717898775,58.333333333333336,3.1014953102993617,1.2810524107758234,21.71046717209553,1.6518833717898775,0.6405262053879117,1.4833238440562164,0.7753738275748404,4.213988193341524,1.6518833717898775,0.0,0.1011357166401965,3.2026310269395584,0.2696952443738575,8.421052631578947,125.9813910281382,72.73609847471258,41.71643029167791,0.0,0.0,0.0,0.0,0.0,0.0,0.0,0.0,0.0,0.0,0.0,0.0,0.0,Advanced Playmaker
7139,Josip Iličić,2515.6,Right Attacking Midfield,midfielder,38.567339799650185,76.99443413729128,8.657974240737797,56.19834710743802,5.438066465256798,42.10526315789473,1.3595166163141994,23.684210526315788,1.4668468754968993,0.1788837653044999,47.90507234854508,2.647479726506599,1.0375258387660995,0.392,0.4650977897916998,0.3358363629010972,0.6439815550961997,0.0,0.0357767530608999,2.253935442836699,1.3237398632532995,58.730158730158735,3.6850055652726974,1.7888376530449992,14.489584989664491,1.0733025918269996,0.4650977897916998,0.6082048020352997,0.1073302591826999,2.611702973445699,0.8228653204006996,0.0,0.0357767530608999,1.5741771346795994,0.2862140244871999,18.181818181818183,137.84782954364763,73.83296132883466,52.66553335063593,0.0,0.0,0.0,0.0,0.0,0.0,0.0,0.0,0.0,0.0,0.0,0.0,0.0,Second Striker
6719,Franco Damián Vázquez,4765.37,Center Attacking Midfield,midfielder,29.368128812663024,72.79742765273312,9.10317561910198,65.76763485477179,3.1728910871558766,47.61904761904761,1.7753081082895976,25.53191489361702,0.8876540541447988,0.1322037952981615,44.66599655430743,2.0019431859435888,0.4910426682503143,0.245,0.1510900517693274,0.1556772145720059,0.4532701553079823,0.1322037952981615,0.0188862564711659,3.588388729521527,1.8130806212319293,50.526315789473685,5.250379298984129,4.041658884829509,18.130806212319296,1.2842654400392834,0.4343838988368164,0.7365640023754714,0.3588388729521527,5.250379298984129,2.492985854193903,0.0,0.1322037952981615,3.588388729521527,0.6232464635484758,17.36842105263158,134.07353468880694,73.31446682631345,42.52158050429628,0.0,0.0,0.0,0.0,0.0,0.0,0.0,0.0,0.0,0.0,0.0,0.0,0.0,Advanced Playmaker
27853,Mauro Matías Zárate,1443.58,Center Attacking Midfield,midfielder,16.521425899499857,78.49056603773586,2.6184901425622416,57.14285714285714,0.8728300475207471,28.57142857142857,0.4987600271547127,25.0,0.6234500339433908,0.0,27.4318014935092,2.493800135773564,0.9975200543094253,0.4,0.1870350101830172,0.1696718773417476,0.3740700203660345,0.1246900067886781,0.0,2.244420122196207,1.2469000678867816,55.55555555555556,3.2419401765056324,1.0598650577037645,9.725820529516897,0.8104850441264081,0.3117250169716954,0.4987600271547127,0.062345003394339,2.05738511201319,1.37159007467546,0.0,0.1246900067886781,1.932695105224512,0.0,0.0,78.11828925310687,78.54541101356742,35.40494812450113,0.0,0.0,0.0,0.0,0.0,0.0,0.0,0.0,0.0,0.0,0.0,0.0,0.0,Second Striker
10530,Jules Olivier Ntcham,1754.07,Center Attacking Midfield,midfielder,27.450443824932872,80.93457943925235,8.36340624946553,66.87116564417178,2.4628435581248187,54.16666666666666,0.6670201303254717,23.07692307692308,0.9235663342968068,0.0,31.965657014828373,1.180112538268142,0.1539277223828011,0.13,0.0,0.0467225424926029,0.2565462039713352,0.0,0.0,1.128803297473875,0.8209478527082729,72.72727272727273,2.719389762096154,0.4104739263541364,13.75087653286357,0.6157108895312047,0.2565462039713352,0.1539277223828011,0.3078554447656023,3.5916468555986936,1.5392772238280117,0.0,0.051309240794267,1.949751150182148,0.4617831671484034,23.684210526315788,98.8729070105526,70.27560975609728,35.32511676180591,0.0,0.0,0.0,0.0,0.0,0.0,0.0,0.0,0.0,0.0,0.0,0.0,0.0,False 10
30829,Lorenzo Lollo,3401.5,Center Attacking Midfield,midfielder,18.521240629134205,69.85714285714286,6.059091577245333,47.59825327510917,1.905041893282376,33.33333333333333,0.2645891518447744,30.0,0.2910480670292518,0.0264589151844774,19.103336763192708,0.9525209466411876,0.2645891518447743,0.278,0.0793767455534323,0.0756489394281934,0.3968837277671615,0.1058356607379097,0.0264589151844774,1.084815522563575,0.5556372188740262,51.21951219512195,1.03189769219462,1.2171100984859622,24.844921358224312,2.196089960311628,0.8202263707188006,1.508158165515214,0.6879317947964133,3.995296192856093,2.2754667058650595,0.0529178303689548,0.3704248125826841,3.0692341613993825,0.423342642951639,13.79310344827586,67.60252829633986,63.80332681017612,41.76407045009788,0.0,0.0,0.0,0.0,0.0,0.0,0.0,0.0,0.0,0.0,0.0,0.0,0.0,False 10
40247,Simone Pepe,1698.38,Center Attacking Midfield,midfielder,26.972762279348554,70.13752455795678,6.623959302394046,60.8,4.822242372142866,35.16483516483517,1.5897502325745712,30.0,1.006841813963895,0.1589750232574571,27.13173730260601,1.0598334883830474,0.2649583720957618,0.25,0.1589750232574571,0.0379532154853448,0.3179500465149142,0.0,0.0529916744191523,0.6888917674489808,0.2119666976766094,30.76923076923077,2.01368362792779,0.6888917674489808,8.796617953579293,0.8478667907064379,0.1059833488383047,0.5829084186106761,0.1589750232574571,3.285483813987447,1.0598334883830474,0.0,0.1059833488383047,1.8017169302511808,0.3179500465149142,17.647058823529413,84.73368739622464,72.52170106316439,39.926391494684175,0.0,0.0,0.0,0.0,0.0,0.0,0.0,0.0,0.0,0.0,0.0,0.0,0.0,Advanced Playmaker
3579,Roberto Maximiliano Pereyra,1166.92,Center Attacking Midfield,midfielder,34.08974051348849,88.23529411764706,6.170088780721899,77.5,1.5425221951804748,75.0,1.23401775614438,31.25,2.0052788537346173,0.0771261097590237,37.79179378192163,0.7712610975902375,0.1542522195180475,0.2,0.0,0.0513103682943132,0.308504439036095,0.0,0.0,1.6196483049394987,0.61700887807219,38.095238095238095,3.8563054879511873,1.6967744146985224,13.728447537106227,1.002639426867309,0.5398827683131662,0.2313783292770712,0.1542522195180475,4.1648099269872825,0.925513317108285,0.0,0.0,1.6196483049394987,0.308504439036095,19.047619047619047,118.8513351386556,72.34289422452947,45.05879299156387,0.0,0.0,0.0,0.0,0.0,0.0,0.0,0.0,0.0,0.0,0.0,0.0,0.0,Second Striker
8508,Max Meyer,2983.67,Center Attacking Midfield,midfielder,30.857970217886024,83.67546432062561,6.515465852456873,71.75925925925925,1.447881300545972,41.66666666666667,0.3619703251364929,16.666666666666664,1.1160751691708533,0.1809851625682464,40.72166157785546,1.387552913023223,0.6636122627502371,0.478,0.150820968806872,0.1277378509922343,0.3619703251364929,0.0603283875227488,0.0,1.7796874319210905,1.085910975409479,61.01694915254237,3.2577329262284365,1.749523238159716,8.566631028230333,0.6032838752274883,0.3921345188978674,0.3619703251364929,0.0904925812841232,4.222987126592418,0.6032838752274883,0.0,0.0603283875227488,1.2970603317390998,0.0603283875227488,4.651162790697675,118.90725180733791,71.1918569254184,36.65517503805174,0.0,0.0,0.0,0.0,0.0,0.0,0.0,0.0,0.0,0.0,0.0,0.0,0.0,Second Striker
8403,Nadiem Amiri,2330.7,Center Attacking Midfield,midfielder,24.327455270948644,73.4920634920635,5.406101171321921,62.85714285714285,3.127815677693397,30.8641975308642,0.8881451924314584,47.82608695652174,1.1970652593641395,0.1544600334663406,29.270176341871544,1.4287553095636507,0.5406101171321921,0.378,0.1544600334663406,0.089595230709229,0.4633801003990218,0.0,0.0386150083665851,2.2010554768953536,1.042605225897799,47.368421052631575,2.1624404685287684,1.5832153430299911,17.067833698030636,0.8881451924314584,0.3861500836658514,0.6564551422319476,0.270305058566096,3.861500836658515,1.27429527609731,0.0,0.0772300167331703,1.9693654266958427,0.3861500836658514,19.607843137254903,92.48294503797143,69.48250521920669,39.10697286012531,0.0,0.0,0.0,0.0,0.0,0.0,0.0,0.0,0.0,0.0,0.0,0.0,0.0,Advanced Playmaker
8227,Mario Götze,1424.92,Center Attacking Midfield,midfielder,34.549308031328074,85.92321755027422,4.105493641748309,63.07692307692307,1.3895516941301969,45.45454545454545,1.13690593156107,38.88888888888889,0.8842601689919434,0.2526457625691267,42.06551946775959,1.0737444909187883,0.75793728770738,0.706,0.189484321926845,0.1676075528520899,0.4421300844959717,0.0,0.0,1.7053588973416052,1.13690593156107,66.66666666666666,3.663363557252337,1.0105830502765067,15.537714398001292,0.9474216096342252,0.2526457625691267,0.8210987283496617,0.1263228812845633,2.2106504224798584,1.5158745754147602,0.0,0.0631614406422816,2.084327541195296,0.1263228812845633,6.0606060606060606,120.638351626758,75.47570680628282,41.60811518324606,0.0,0.0,0.0,0.0,0.0,0.0,0.0,0.0,0.0,0.0,0.0,0.0,0.0,Second Striker
38524,Hiroshi Kiyotake,2466.2,Center Attacking Midfield,midfielder,36.34741707890682,72.18875502008032,9.853215473197633,58.51851851851851,6.313356580974779,36.41618497109826,1.7516827507906902,22.916666666666664,1.824669532073636,0.2189603438488362,42.29583975346687,1.021814937961236,0.2919471251317817,0.286,0.1824669532073635,0.1110850035925715,0.1824669532073635,0.0,0.0,2.15311004784689,1.5692157975833267,72.88135593220339,1.824669532073636,1.423242235017436,6.240369799691834,0.7298678128294542,0.255453734490309,0.255453734490309,0.1094801719244181,3.1019382045251804,0.2919471251317817,0.0,0.0,1.6786959695077448,0.1824669532073635,10.869565217391305,121.048576757765,72.09204100090462,39.81365691890268,0.0,0.0,0.0,0.0,0.0,0.0,0.0,0.0,0.0,0.0,0.0,0.0,0.0,Second Striker
8579,Vladimír Darida,3562.93,Center Attacking Midfield,midfielder,43.19478631351164,79.2982456140351,8.790517916433947,60.3448275862069,4.748900483590752,39.8936170212766,1.0861846850766084,13.953488372093023,0.8335835955239087,0.0505202179105399,42.99270544186948,1.0356644671660684,0.4041617432843193,0.39,0.1263005447763498,0.0753895174291945,0.3789016343290494,0.0252601089552699,0.0,0.631502723881749,0.4546819611948592,72.0,0.9346240313449884,1.414566101495118,12.95843589405349,1.187225120897688,0.4546819611948592,0.631502723881749,0.8588437044791787,3.789016343290494,1.6166469731372777,0.0,0.1515606537316197,2.349190132840106,0.2273409805974296,9.67741935483871,133.14603430322796,65.22117245304487,42.15266552836279,0.0,0.0,0.0,0.0,0.0,0.0,0.0,0.0,0.0,0.0,0.0,0.0,0.0,Advanced Playmaker
8309,Michael Gregoritsch,2357.05,Center Attacking Midfield,midfielder,22.71907681211684,62.52100840336134,6.834814704821705,38.547486033519554,1.6036995396788356,19.047619047619047,0.3818332237330561,20.0,0.687299802719501,0.0,32.723107273922906,2.023716085785197,0.687299802719501,0.34,0.190916611866528,0.1799925089896268,0.4200165461063617,0.3818332237330561,0.0381833223733056,0.8018497698394178,0.3436499013597505,42.85714285714285,1.2218663159457794,1.0309497040792517,10.767696909272182,1.2982329606923908,0.4581998684796673,0.9163997369593346,0.6491164803461954,2.4055493095182534,1.1073163488258626,0.0,0.190916611866528,4.276532105810229,0.2672832566131393,6.25,87.82164145860291,69.87165217391278,43.96378260869567,0.0,0.0,0.0,0.0,0.0,0.0,0.0,0.0,0.0,0.0,0.0,0.0,0.0,False 10
13675,Mario Vrančić,1601.68,Center Attacking Midfield,midfielder,18.82398481594325,64.4776119402985,6.574346935717496,40.17094017094017,4.439088956595574,35.44303797468354,0.7866739923080764,35.714285714285715,0.7866739923080764,0.0561909994505768,23.31926477198941,0.7866739923080764,0.2247639978023075,0.286,0.1123819989011537,0.1075987804461565,0.3371459967034613,0.0561909994505768,0.0,0.6181009939563458,0.4495279956046151,72.72727272727273,0.7866739923080764,1.404774986264422,15.115378852205184,1.3485839868138454,0.2809549972528844,0.505718995055192,0.3933369961540382,2.697167973627691,1.7419209829678834,0.0,0.1123819989011537,3.7086059637380746,0.0561909994505768,1.5151515151515151,67.71015433794516,73.01078838174266,39.42979253112041,0.0,0.0,0.0,0.0,0.0,0.0,0.0,0.0,0.0,0.0,0.0,0.0,0.0,False 10
8679,Yunus Mallı,3559.47,Center Attacking Midfield,midfielder,22.07351094404504,71.01947308132875,5.739618538715034,53.74449339207048,1.213663831974985,43.75,0.8091092213166566,31.25,0.9608172003135298,0.101138652664582,35.06982781144384,1.592933779467168,0.6826859054859291,0.429,0.2781312948276008,0.2259284745383442,0.4045546106583284,0.0252846631661455,0.0,2.7560282851098616,1.2389484951411305,44.95412844036697,3.3375755379312086,1.1883791688088394,12.263061635580575,1.2389484951411305,0.1769926421630186,0.2275619684953096,0.1517079789968731,2.907736264106735,0.530977926489056,0.0,0.0,1.6687877689656043,0.0252846631661455,1.5151515151515151,94.5393555782181,74.36239636266382,42.36900240706062,0.0,0.0,0.0,0.0,0.0,0.0,0.0,0.0,0.0,0.0,0.0,0.0,0.0,Second Striker
33459,Alexander Baumjohann,1605.75,Center Attacking Midfield,midfielder,12.891172349369455,70.43478260869566,2.7463801961700143,48.97959183673469,0.560485754320411,20.0,0.2802428771602055,40.0,0.7286314806165344,0.1120971508640822,19.448855674918264,0.4483886034563288,0.1681457262961233,0.375,0.0560485754320411,0.0648337440168145,0.1681457262961233,0.0,0.0,1.2891172349369455,0.7846800560485755,60.86956521739131,1.7375058383932744,1.0088743577767398,5.212517515179823,0.3362914525922466,0.0,0.1681457262961233,0.0,2.185894441849604,0.1120971508640822,0.0,0.0,0.8407286314806166,0.2241943017281644,26.666666666666668,56.49696403549744,74.4815476190476,37.70466269841265,0.0,0.0,0.0,0.0,0.0,0.0,0.0,0.0,0.0,0.0,0.0,0.0,0.0,False 10
23268,Alexander Meier,2614.42,Center Attacking Midfield,midfielder,16.627014787218577,66.45962732919256,3.717841815775583,39.81481481481482,0.963884915201077,53.57142857142857,0.1032733837715439,33.33333333333333,0.5507913801149011,0.0344244612571813,28.64115176597486,1.721223062859066,0.8261870701723518,0.48,0.4130935350861759,0.2312023375280177,0.7229136864008078,0.6540647638864452,0.0,0.4130935350861758,0.2409712288002692,58.333333333333336,0.3786690738289945,0.4130935350861758,7.986475011666067,0.5852158413720825,0.3098201513146319,0.3098201513146319,1.2048561440013463,1.5491007565731596,0.5852158413720825,0.0344244612571813,0.0688489225143626,2.34086336548833,0.0688489225143626,2.941176470588235,63.92622455458572,72.40872374798069,36.33887991383957,0.0,0.0,0.0,0.0,0.0,0.0,0.0,0.0,0.0,0.0,0.0,0.0,0.0,False 10
5684,Shinji Kagawa,3019.53,Center Attacking Midfield,midfielder,42.80136312604942,84.81894150417827,9.418684364785248,74.36708860759494,3.368073839306117,65.48672566371681,0.8047610058519041,37.03703703703704,0.9537908217504047,0.208641742257901,50.22304795779476,0.9239848585707048,0.4768954108752024,0.516,0.2682536686173014,0.1842238977953522,0.4470894476955023,0.0596119263594003,0.0298059631797001,1.2816564167271065,0.7451490794925038,58.13953488372093,2.831566502071514,1.2518504535474064,13.114623799068069,1.0730146744692055,0.3278655949767016,0.4172834845158021,0.1788357790782009,3.695939434282818,0.8047610058519041,0.0,0.0596119263594003,2.116223385758711,0.2384477054376012,11.267605633802818,145.84057783827285,73.34146740241133,28.79615777641533,0.0,0.0,0.0,0.0,0.0,0.0,0.0,0.0,0.0,0.0,0.0,0.0,0.0,Second Striker
3186,Julian Draxler,2561.4,Center Attacking Midfield,midfielder,29.58538299367533,80.28503562945369,7.378777231201687,68.57142857142857,4.111033028812368,53.84615384615385,0.9486999297259312,48.14814814814815,1.229796205200281,0.1756851721714687,35.87491215741392,1.5460295151089247,0.6676036542515812,0.432,0.2108222066057624,0.1772802222839072,0.6676036542515812,0.1405481377371749,0.0,2.9866479269149684,1.791988756148981,60.0,3.127196064652144,0.8081517919887561,7.41391426563598,0.5621925509486999,0.4216444132115249,0.3513703443429374,0.2810962754743499,3.443429374560787,0.9486999297259312,0.0351370344342937,0.1054111033028812,1.791988756148981,0.1405481377371749,7.84313725490196,108.88966971187632,73.65508228460769,34.10509841884468,0.0,0.0,0.0,0.0,0.0,0.0,0.0,0.0,0.0,0.0,0.0,0.0,0.0,Second Striker
8308,Aaron Hunt,2516.02,Center Attacking Midfield,midfielder,31.120579327668302,71.83908045977012,6.903760701425267,51.29533678756477,3.970556672840439,41.44144144144144,1.0731234250920103,26.666666666666668,1.2519773292740122,0.0715415616728007,37.23738285069276,0.8584987400736083,0.3934785892004038,0.458,0.0357707808364003,0.0679943876757736,0.2503954658548024,0.0,0.0,1.323518890946813,0.8942695209100088,67.56756756756756,2.1820176310204213,1.6812266993108165,12.841710320267726,1.5023727951288146,0.2503954658548024,0.5723324933824055,0.3219370275276031,3.863244330331238,1.144664986764811,0.0,0.0357707808364003,2.825891686075628,0.3934785892004038,13.924050632911392,107.95621656425624,70.81577203445991,41.57206759443324,0.0,0.0,0.0,0.0,0.0,0.0,0.0,0.0,0.0,0.0,0.0,0.0,0.0,Advanced Playmaker
8550,Alexandru Iulian Maxim,2010.93,Center Attacking Midfield,midfielder,28.061643120347306,72.72727272727273,7.116110456356014,62.893081761006286,5.057361519297041,40.70796460176992,1.2083961152302665,40.74074074074074,1.2979069385806568,0.2237770583759752,29.04626217720159,1.2979069385806568,0.4923095284271456,0.379,0.044755411675195,0.0935604498664797,0.4027987050767555,0.0895108233503901,0.0,1.3426623502558517,0.760841998478316,56.66666666666666,2.282525995434948,0.805597410153511,13.918933030985665,0.760841998478316,0.3132878817263654,0.805597410153511,0.1790216467007802,2.7300801121868985,0.8951082335039011,0.0,0.0,1.8797272903581923,0.2237770583759752,11.904761904761903,91.03250734734677,74.08883972468024,39.61361848574238,0.0,0.0,0.0,0.0,0.0,0.0,0.0,0.0,0.0,0.0,0.0,0.0,0.0,Advanced Playmaker
8243,Daniel Didavi,3261.25,Center Attacking Midfield,midfielder,28.34189344576465,73.22297955209348,8.499808355691835,54.87012987012987,3.532387888079724,32.03125,1.2970486776542736,36.17021276595745,0.883096972019931,0.0827903411268685,38.3043311613645,2.566500574932925,1.048677654273668,0.409,0.358758144883097,0.3056992239463396,0.6071291682637026,0.3035645841318513,0.0827903411268685,0.9934840935224224,0.6347259486393254,63.888888888888886,2.4285166730548102,1.821387504791108,17.66193944039862,1.3246454580298963,0.2759678037562284,0.7451130701418167,0.5519356075124568,2.676887696435416,1.573016481410502,0.0275967803756228,0.2483710233806055,3.173629743196627,0.2483710233806055,7.82608695652174,108.3725565350709,71.34038706391624,38.73121976063162,0.0,0.0,0.0,0.0,0.0,0.0,0.0,0.0,0.0,0.0,0.0,0.0,0.0,False 10
5627,Ja-Cheol Koo,3176.87,Center Attacking Midfield,midfielder,23.88199705999931,79.00355871886121,5.184348116227608,61.20218579234973,1.86976489437717,42.42424242424242,0.4532763380308291,43.75,0.7365740493000973,0.0283297711269268,28.04647341565755,1.133190845077073,0.4532763380308291,0.4,0.2266381690154145,0.0985907015521567,0.311627482396195,0.1983083978884877,0.0,1.1615206162039995,0.793233591553951,68.29268292682927,1.1898503873309263,1.4448183274732678,13.428311514163314,1.4448183274732678,0.5665954225385365,0.4816061091577559,0.6799145070462437,4.051157271150536,1.104861073950146,0.0,0.1416488556346341,2.8896366549465355,0.311627482396195,10.784313725490197,88.53053477164632,66.68208000000006,45.76435200000002,0.0,0.0,0.0,0.0,0.0,0.0,0.0,0.0,0.0,0.0,0.0,0.0,0.0,False 10
40462,Halil Altıntop,1668.48,Center Attacking Midfield,midfielder,20.389815880322207,78.83597883597884,4.854718066743383,61.11111111111112,1.5642980437284233,48.27586206896552,0.1618239355581127,0.0,0.7012370540851554,0.1078826237054085,28.91254315304948,0.7551783659378596,0.1618239355581127,0.214,0.0539413118527042,0.0915535457602128,0.4315304948216341,0.1618239355581127,0.0,1.0248849252013807,0.5933544303797468,57.89473684210527,1.240650172612198,0.9709436133486766,14.186565017261218,0.4854718066743383,0.1618239355581127,0.3775891829689298,0.4854718066743383,2.8049482163406214,0.7012370540851554,0.0,0.0539413118527042,2.6431242807825086,0.2697065592635213,10.20408163265306,80.15678941311852,68.38775235531621,32.88479138627187,0.0,0.0,0.0,0.0,0.0,0.0,0.0,0.0,0.0,0.0,0.0,0.0,0.0,False 10
12302,Dong-Won Ji,1653.78,Center Attacking Midfield,midfielder,16.761600696586,74.67532467532467,3.809454703769546,52.85714285714286,1.4149403185429743,42.30769230769231,0.5442078148242209,50.0,0.7074701592714872,0.0,25.36008417080869,0.7074701592714872,0.1632623444472662,0.231,0.0,0.0661702211297754,0.1632623444472662,0.1632623444472662,0.0,0.8163117222363313,0.2721039074121104,33.33333333333333,1.4693611000253963,0.7074701592714872,12.407938177992236,1.197257192613286,0.1632623444472662,0.2721039074121104,0.2721039074121104,2.448935166708994,1.4693611000253963,0.0,0.1088415629648441,2.394514385226572,0.3265246888945325,13.636363636363637,66.2845118455901,74.62865353037766,34.2951559934318,0.0,0.0,0.0,0.0,0.0,0.0,0.0,0.0,0.0,0.0,0.0,0.0,0.0,False 10
8762,Zlatko Junuzović,3557.48,Center Attacking Midfield,midfielder,27.095022319169747,63.39869281045751,9.689443088928115,48.04177545691906,7.969124211520514,36.19047619047619,1.796215298469703,30.985915492957744,1.7456176844283031,0.2276892631863004,27.60099845958375,1.5179284212420028,0.4047809123312008,0.267,0.1011952280828002,0.0790047224805199,0.6324701755175012,0.0758964210621001,0.0,1.138446315931502,0.5312749474347009,46.66666666666666,1.4926296142213027,1.4926296142213027,16.267132914310128,1.163745122952202,0.5312749474347009,0.8601594387038015,0.3541832982898006,3.6430282109808063,1.3661355791178025,0.0,0.1011952280828001,2.858765193339105,0.2023904561656003,7.079646017699115,89.20359355498836,72.21914350538844,37.27135564378915,0.0,0.0,0.0,0.0,0.0,0.0,0.0,0.0,0.0,0.0,0.0,0.0,0.0,Advanced Playmaker
5679,Yūya Ōsako,2254.53,Center Attacking Midfield,midfielder,19.44085907040492,75.15400410677618,5.309310588016127,56.39097744360903,1.9959814240662133,56.00000000000001,0.918151455070458,39.130434782608695,0.6786336841825125,0.0,31.017551329988954,1.237508482921052,0.3193570278505941,0.258,0.0399196284813242,0.1461848254979973,0.3592766563319183,0.1995981424066213,0.0,1.1177495974770797,0.7185533126638368,64.28571428571429,1.516945882290322,1.676624396215619,12.45492408617317,0.4391159132945669,0.3193570278505941,0.3193570278505941,0.4391159132945669,2.99397213609932,1.2375084829210523,0.0,0.0798392569626485,3.0738113930619684,0.2794373993692698,9.090909090909092,84.94896940825804,71.96983082706771,42.891165413533926,0.0,0.0,0.0,0.0,0.0,0.0,0.0,0.0,0.0,0.0,0.0,0.0,0.0,False 10
400612,Marco Sailer,1048.88,Center Attacking Midfield,midfielder,5.663183586301578,57.57575757575758,1.4586988025322247,23.52941176470588,0.2574174357409808,0.0,0.1716116238273205,0.0,0.2574174357409808,0.0,19.392113492487223,0.5148348714819616,0.1716116238273205,0.333,0.0858058119136602,0.0846077890225764,0.1716116238273205,0.1716116238273205,0.0,0.3432232476546411,0.0858058119136602,25.0,0.1716116238273205,0.7722523072229425,11.92700785599878,0.4290290595683014,0.1716116238273205,0.1716116238273205,0.4290290595683014,0.8580581191366028,1.0296697429639232,0.0,0.0858058119136602,3.1748150408054303,0.0858058119136602,2.702702702702702,37.5829456181832,79.02420091324203,41.01461187214612,0.0,0.0,0.0,0.0,0.0,0.0,0.0,0.0,0.0,0.0,0.0,0.0,0.0,False 10
9720,Philipp Ochs,978.82,Center Attacking Midfield,midfielder,22.61907194376903,74.39024390243902,5.332951921701641,58.620689655172406,1.6550540446660265,16.666666666666664,0.1838948938517807,0.0,0.5516846815553421,0.0919474469258903,22.71101939069492,0.4597372346294517,0.0919474469258903,0.2,0.0,0.0174710898735211,0.3677897877035614,0.0,0.0,0.5516846815553421,0.275842340777671,50.0,1.471159150814246,0.4597372346294518,15.171328742771909,1.011421916184794,0.5516846815553421,1.011421916184794,0.7355795754071229,2.390633620073149,0.9194744692589036,0.0,0.0,3.2181606424061626,0.5516846815553421,17.142857142857142,73.37406264686051,64.45614035087723,23.67443609022556,0.0,0.0,0.0,0.0,0.0,0.0,0.0,0.0,0.0,0.0,0.0,0.0,0.0,False 10
6317,Marco Jhonfai Fabián De La Mora,1156.63,Center Attacking Midfield,midfielder,33.53708619005213,76.5661252900232,8.481536878690678,64.22018348623854,3.890613247105816,48.0,1.556245298842326,30.0,1.3228085040159772,0.1556245298842326,41.551749479090105,1.47843303390021,0.3112490597684652,0.211,0.0,0.0680593993757727,0.4668735896526979,0.0,0.0,1.6340575637844426,1.011559444247512,61.90476190476191,2.5678047430898383,1.47843303390021,16.65182469761289,1.789682093668675,0.4668735896526979,0.3112490597684652,0.1556245298842326,3.812800982163699,1.7118698287265588,0.0,0.0778122649421163,4.746548161469095,0.1556245298842326,3.278688524590164,124.34399937750186,73.96326658322891,35.503441802252844,0.0,0.0,0.0,0.0,0.0,0.0,0.0,0.0,0.0,0.0,0.0,0.0,0.0,Advanced Playmaker
40477,Jan Rosenthal,1842.42,Center Attacking Midfield,midfielder,18.31829875924056,58.93333333333334,5.080274855896049,34.61538461538461,1.3677663073566289,32.142857142857146,0.4884879669130817,40.0,0.3907903735304653,0.0488487966913081,32.728693783176475,0.830429543752239,0.1953951867652326,0.235,0.0,0.075109954098414,0.3419415768391571,0.3419415768391571,0.0,1.0746735272087795,0.6350343569870062,59.09090909090909,0.5373367636043899,0.9281271371348552,14.41039502393591,1.0258247305174717,0.3907903735304653,0.6838831536783144,0.586185560295698,2.686683818021949,1.416615104047937,0.0,0.0976975933826163,5.471065229426515,0.1953951867652326,3.571428571428571,80.20972416712802,73.7884287454324,41.12630937880632,0.0,0.0,0.0,0.0,0.0,0.0,0.0,0.0,0.0,0.0,0.0,0.0,0.0,False 10
7635,Gaëtan Charbonnier,1748.55,Center Attacking Midfield,midfielder,29.59595093077121,70.78260869565217,7.566269194475422,52.38095238095239,2.1103199794115124,36.58536585365854,0.6691258471304795,30.76923076923077,0.926481942180664,0.0514712190100368,45.96379857596294,1.1323668182208115,0.4632409710903319,0.409,0.2058848760401475,0.0916857795384747,0.3602985330702582,0.0514712190100368,0.0,2.4191472934717337,1.0808955992107745,44.680851063829785,1.4411941322810329,1.1323668182208115,16.831088616282063,1.4411941322810329,0.6176546281204426,0.5661834091104058,0.3602985330702581,4.477996053873209,1.1838380372308484,0.0,0.1544136570301106,4.683880929913356,0.3088273140602213,6.593406593406594,124.14858025220896,72.68237976782761,41.91077943615248,0.0,0.0,0.0,0.0,0.0,0.0,0.0,0.0,0.0,0.0,0.0,0.0,0.0,Advanced Playmaker
3420,Rémy Cabella,3572.27,Center Attacking Midfield,midfielder,40.18453252413731,84.07523510971787,7.810159926321359,66.45161290322581,1.6124201138211838,35.9375,1.00776257113824,27.500000000000004,1.0329566354166957,0.0503881285569119,48.07027464329404,1.2345091496443437,0.6046575426829439,0.49,0.1259703213922799,0.1138561740573921,0.4031050284552959,0.1259703213922799,0.0,2.5194064278455994,1.2848972782012558,51.0,5.164783177083479,2.0659132708333914,17.383904352134635,1.6880023066565517,0.3779109641768399,0.8314041211890478,0.1259703213922799,4.131826541666783,1.1085388282520638,0.0,0.1763584499491919,3.199646163363912,0.4031050284552959,12.598425196850393,145.34455682241264,70.81951811405814,36.42359161033106,0.0,0.0,0.0,0.0,0.0,0.0,0.0,0.0,0.0,0.0,0.0,0.0,0.0,Advanced Playmaker
3319,Yacine Bammou,2598.82,Center Attacking Midfield,midfielder,24.103246858189483,72.27011494252874,4.779092049468605,49.275362318840585,1.8700794976181496,40.74074074074074,1.142826359655536,21.21212121212121,0.4848354253084091,0.0346311018077435,35.912452574630024,1.489137377732971,0.4155732216929221,0.279,0.138524407230974,0.102797397685488,0.4155732216929221,0.3116799162696916,0.0346311018077435,0.9696708506168182,0.4848354253084091,50.0,1.3159818686942537,0.6579909343471267,14.648956064675504,1.0043019524245618,0.4502043235006656,0.5540976289238961,0.6233598325393832,2.7704881446194807,1.6622928867716884,0.0,0.138524407230974,3.8440523006595297,0.1731555090387175,4.504504504504505,95.8242587020263,74.41351644380198,41.88113480303582,0.0,0.0,0.0,0.0,0.0,0.0,0.0,0.0,0.0,0.0,0.0,0.0,0.0,False 10
4254,Valentin Eysseric,2959.8,Center Attacking Midfield,midfielder,29.40401378471518,67.73526370217166,7.419420231096695,56.9672131147541,5.473342793431988,34.44444444444444,1.4899655382120411,20.40816326530612,1.1858909385769307,0.1216298398540441,33.630650719643214,1.1858909385769307,0.2432596797080883,0.205,0.1824447597810662,0.1198074081704845,0.1520372998175552,0.030407459963511,0.030407459963511,0.9426312588688424,0.4257044394891546,45.16129032258064,2.8887086965335493,1.2467058585039528,12.19339144536793,1.0642610987228869,0.4865193594161767,0.5169268193796878,0.3344820595986215,3.0407459963511045,1.337928238394486,0.0,0.1824447597810662,2.554226636934928,0.060814919927022,2.380952380952381,100.73991485911208,74.63993359492886,37.40703290069421,0.0,0.0,0.0,0.0,0.0,0.0,0.0,0.0,0.0,0.0,0.0,0.0,0.0,Advanced Playmaker
12351,Alejandro Bedoya,3325.65,Center Attacking Midfield,midfielder,24.43732804113481,79.95570321151716,4.7629786658247255,61.36363636363637,1.5696179694195118,51.72413793103448,1.0824951513238013,40.0,0.6224347120111857,0.0811871363492851,34.66690722114474,1.2448694240223714,0.4871228180957106,0.391,0.0811871363492851,0.1453859725316855,0.4871228180957106,0.2976861666140453,0.0,0.5141851968788056,0.2976861666140453,57.89473684210527,1.8943665148166524,0.4871228180957106,10.797889134454918,1.0013080149745162,0.4059356817464254,0.6224347120111857,0.6494970907942808,2.625050741960218,1.3801813179378466,0.027062378783095,0.05412475756619,3.139235938839024,0.2164990302647602,6.896551724137931,91.66027693834288,72.12323590197828,52.43525243578412,0.0,0.0,0.0,0.0,0.0,0.0,0.0,0.0,0.0,0.0,0.0,0.0,0.0,False 10
2944,Benjamin Corgnet,1175.1,Center Attacking Midfield,midfielder,20.2195557824866,60.60606060606061,5.667602757212153,43.24324324324324,0.7658922644881287,50.0,0.6893030380393159,22.22222222222222,0.5361245851416901,0.0765892264488128,27.11258616287976,0.8424814909369416,0.1531784528976257,0.182,0.0765892264488128,0.0857131350268062,0.4595353586928772,0.0765892264488128,0.0,1.455195302527445,0.5361245851416901,36.84210526315789,1.6083737554250703,1.6083737554250703,11.105437835077868,0.9190707173857544,0.4595353586928772,0.9956599438345676,0.5361245851416901,2.604033699259638,1.3786060760786318,0.0,0.0,2.986979831503702,0.1531784528976257,5.128205128205128,74.9808526933878,73.25035750766096,37.26322778345251,0.0,0.0,0.0,0.0,0.0,0.0,0.0,0.0,0.0,0.0,0.0,0.0,0.0,False 10
3161,Chaouki Ben Saada,1444.25,Center Attacking Midfield,midfielder,32.840574692747104,73.62428842504744,11.528474987017484,57.83783783783784,5.172234723905142,36.14457831325301,1.184005539207201,10.526315789473683,0.9970572961744852,0.0623160810109053,35.1462696901506,1.4955859442617276,0.6854768911199585,0.458,0.0623160810109053,0.1153613934775835,0.6231608101090531,0.0,0.0,2.1187467543707807,1.370953782239917,64.70588235294117,2.368011078414402,0.9970572961744852,13.522589579366455,1.4332698632508225,0.1869482430327159,0.5608447290981479,0.3115804050545266,3.8012809416652247,0.6231608101090532,0.0,0.0623160810109053,1.4955859442617276,0.4362125670763372,29.166666666666668,111.85736541457504,69.49208913649025,37.16094707520885,0.0,0.0,0.0,0.0,0.0,0.0,0.0,0.0,0.0,0.0,0.0,0.0,0.0,Advanced Playmaker
18868,Mathieu Valbuena,2632.0,Center Attacking Midfield,midfielder,45.10258358662614,78.31690674753601,11.4209726443769,69.46107784431138,7.454407294832827,45.41284403669725,2.188449848024316,37.5,2.222644376899696,0.1709726443768997,51.90729483282675,1.4019756838905777,0.4787234042553191,0.341,0.0341945288753799,0.0868058822667173,0.3761398176291793,0.0,0.0,1.9148936170212767,1.2993920972644375,67.85714285714286,4.034954407294833,1.9832826747720365,11.89969604863222,0.8890577507598785,0.1367781155015197,0.2051671732522796,0.0683890577507598,3.556231003039514,1.0600303951367782,0.0,0.1025835866261398,2.701367781155015,0.4103343465045593,15.18987341772152,154.52507598784194,79.2346094268641,36.37488382385481,0.0,0.0,0.0,0.0,0.0,0.0,0.0,0.0,0.0,0.0,0.0,0.0,0.0,Second Striker
29875,Axel Ngando,1775.53,Center Attacking Midfield,midfielder,27.017284979696203,80.1125703564728,6.640270792383119,66.41221374045801,2.585143590927779,43.13725490196079,0.3548236301273422,85.71428571428571,0.7603363502728763,0.0506890900181917,31.73137035138804,0.7096472602546845,0.202756360072767,0.286,0.1013781800363835,0.0843046729427269,0.2534454500909587,0.202756360072767,0.1013781800363835,1.5206727005457523,1.1658490704184103,76.66666666666667,1.5206727005457523,1.419294520509369,17.63980332633073,1.1151599804002186,0.5575799902001093,0.7603363502728763,0.3041345401091505,3.598925391291614,1.4699836105275608,0.0,0.1520672700545752,3.5482363012734224,0.2534454500909587,7.142857142857142,99.95888551587412,65.74812373225168,42.00821501014202,0.0,0.0,0.0,0.0,0.0,0.0,0.0,0.0,0.0,0.0,0.0,0.0,0.0,False 10
6661,Ryad Boudebouz,4810.7,Center Attacking Midfield,midfielder,42.1872076828736,71.04212860310422,13.339015112145844,58.345021037868165,9.410272933252958,46.12326043737575,2.413370195605629,36.43410852713178,2.0017876816263747,0.2057912569896273,45.08699357681834,1.0102479888581704,0.1870829608996612,0.185,0.0374165921799322,0.0587293353838318,0.2806244413494917,0.0561248882698983,0.0561248882698983,2.4320784916955955,1.3095807262976282,53.84615384615385,3.4236181844638,0.972831396678238,13.6383478495853,1.103789469308001,0.3554576257093562,0.6360820670588481,0.2057912569896273,3.4049098883738336,0.5612488826989835,0.0,0.0561248882698983,2.207578938616002,0.3367493296193901,15.254237288135592,136.3273536075831,74.16245368464394,40.95560587347345,0.0,0.0,0.0,0.0,0.0,0.0,0.0,0.0,0.0,0.0,0.0,0.0,0.0,Second Striker
11540,Óscar Guido Trejo,3249.43,Center Attacking Midfield,midfielder,36.06170928439757,71.35176651305683,10.22025401378088,55.28455284552846,4.736215274678944,31.57894736842105,1.0524922832619876,28.94736842105264,1.3848582674499836,0.1107886613959986,40.908713220472514,1.190978110006986,0.332365984187996,0.279,0.1107886613959986,0.0877533294790163,0.1938801574429977,0.0553943306979993,0.0276971653489996,2.769716534899968,1.5510412595439815,56.00000000000001,3.960694644906953,1.7449214169869791,18.834072437319776,0.9140064565169892,0.4708518109329944,0.9140064565169892,0.1938801574429977,5.317855747007937,1.606435590241981,0.0276971653489996,0.1384858267449983,3.8222088181619545,0.7478234644229911,19.565217391304348,132.6694220217084,70.54052192066823,37.04045929018795,0.0,0.0,0.0,0.0,0.0,0.0,0.0,0.0,0.0,0.0,0.0,0.0,0.0,Advanced Playmaker
10616,Mohamed Larbi,3055.97,Center Attacking Midfield,midfielder,33.07296864825244,75.24487978628673,8.27560479978534,62.63345195729537,3.946373819114717,38.059701492537314,0.9424176284453056,31.25,1.2369231373344636,0.0883516526667474,36.84263916203366,1.2369231373344636,0.5301099160004843,0.429,0.2356044071113263,0.1207692263906386,0.5301099160004843,0.0294505508889157,0.0,1.7081319515571165,0.9424176284453056,55.172413793103445,1.5608791971125373,0.5006593651115686,17.905934940460806,1.030769281112053,0.3534066106669896,0.9129670775563896,0.3828571615559054,4.829890345782191,0.6773626704450634,0.0,0.0,2.5621979273356743,0.4123077124448212,16.091954022988507,113.59077477854824,72.74249416645061,35.54871661913405,0.0,0.0,0.0,0.0,0.0,0.0,0.0,0.0,0.0,0.0,0.0,0.0,0.0,Advanced Playmaker
16462,Hatem Ben Arfa,3849.75,Center Attacking Midfield,midfielder,33.10344827586207,74.85875706214689,7.738164815897137,53.776435045317214,4.161309175920515,37.07865168539326,1.472822910578609,31.746031746031743,0.6545879602571596,0.1402688486265342,45.1198129748685,2.150789012273524,0.8182349503214494,0.38,0.3974284044418468,0.2288071300876679,0.2571595558153127,0.0,0.1402688486265342,4.418468731735827,2.688486265341905,60.84656084656085,6.148451198129749,1.239041496201052,9.2343658679135,0.6779661016949152,0.1636469900642899,0.3272939801285798,0.1168907071887784,3.2963179427235536,0.7247223845704267,0.0,0.0233781414377556,1.3091759205143192,0.1168907071887784,8.928571428571429,132.10987726475744,74.75032737568577,45.7636347549107,0.0,0.0,0.0,0.0,0.0,0.0,0.0,0.0,0.0,0.0,0.0,0.0,0.0,Second Striker
401528,Mahamane El-Hadj Traoré,824.48,Center Attacking Midfield,midfielder,28.709004463419365,87.45247148288973,4.912187075490006,77.77777777777779,0.7641179895206676,28.57142857142857,0.0,0.0,0.2183194255773335,0.2183194255773335,33.29371240054337,0.8732777023093343,0.2183194255773335,0.25,0.2183194255773335,0.220410756695129,0.3274791383660004,0.3274791383660004,0.0,0.6549582767320007,0.3274791383660003,50.0,1.637395691830002,0.7641179895206676,9.387735299825344,0.4366388511546671,0.5457985639433339,0.7641179895206676,0.8732777023093343,2.074034542984669,1.091597127886668,0.0,0.2183194255773335,2.2923539685620025,0.1091597127886667,4.761904761904762,94.42315156219678,64.19433526011565,39.22924855491329,0.0,0.0,0.0,0.0,0.0,0.0,0.0,0.0,0.0,0.0,0.0,0.0,0.0,False 10
401489,Jussiê Ferreira Vieira,924.33,Center Attacking Midfield,midfielder,20.05777157508681,83.00970873786407,4.284184219921457,70.45454545454545,0.6815747622602317,100.0,0.1947356463600662,50.0,0.5842069390801986,0.0,25.70510531952874,0.1947356463600662,0.0,0.0,0.0,0.0210122748693648,0.0973678231800331,0.0,0.0,0.9736782318003312,0.4868391159001655,50.0,2.044724286780695,1.0710460549803642,4.868391159001655,0.5842069390801986,0.2921034695400993,0.0973678231800331,0.1947356463600662,1.849988640420629,0.7789425854402648,0.0,0.0,1.2657817013404304,0.0,0.0,74.38901690954529,70.99712041884818,37.755104712041934,0.0,0.0,0.0,0.0,0.0,0.0,0.0,0.0,0.0,0.0,0.0,0.0,0.0,False 10
134561,Wallyson Teixeira Mallmann,1376.9,Center Attacking Midfield,midfielder,32.747476214685165,82.03592814371258,7.059336189992011,62.03703703703704,2.745297407219115,59.523809523809526,0.3268211199070375,60.0,0.4575495678698525,0.130728447962815,40.65654731643547,0.9804633597211126,0.3268211199070375,0.333,0.0,0.0585501522630546,0.3268211199070375,0.0,0.130728447962815,1.1765560316653352,0.6536422398140751,55.55555555555556,1.5687413755537802,1.5687413755537802,13.661122812114169,1.3072844796281502,0.392185343888445,0.5882780158326676,0.4575495678698525,3.5296680949960053,1.4380129275909652,0.0,0.26145689592563,2.222383615367855,0.4575495678698525,20.588235294117645,119.68189410995714,65.68470780994002,31.80092845439648,0.0,0.0,0.0,0.0,0.0,0.0,0.0,0.0,0.0,0.0,0.0,0.0,0.0,False 10
31711,Abdoulaye Sadio Diallo,1039.47,Center Attacking Midfield,midfielder,32.901382435279515,76.31578947368422,9.437501803803862,50.45871559633027,4.935207365291928,40.35087719298245,0.7792432682039886,44.44444444444444,1.5584865364079772,0.1731651707119974,40.26090219053941,1.3853213656959795,0.6060780974919912,0.438,0.1731651707119974,0.0368047251031775,0.0865825853559987,0.1731651707119974,0.0865825853559987,2.597477560679962,1.298738780339981,50.0,1.904816877831972,2.597477560679962,14.372709169095788,1.298738780339981,0.5194955121359923,1.1255736096279834,0.8658258535599873,5.194955121359924,1.645069121763976,0.0,0.1731651707119974,3.9827989263759416,0.5194955121359923,13.043478260869565,124.41917515657018,69.02825330549766,37.95469728601256,0.0,0.0,0.0,0.0,0.0,0.0,0.0,0.0,0.0,0.0,0.0,0.0,0.0,Advanced Playmaker
3292,Abdoulaye Doucouré,1686.37,Center Attacking Midfield,midfielder,30.793953877263,85.78856152512998,5.8172287220479495,72.47706422018348,1.1207504877340086,61.90476190476191,0.3202144250668596,33.33333333333333,0.9606432752005788,0.1067381416889532,36.077491890866185,1.067381416889532,0.3735834959113362,0.35,0.1067381416889532,0.1007860601588026,0.3735834959113362,0.3735834959113362,0.0,1.1207504877340086,0.6404288501337192,57.14285714285714,1.6544411961787748,0.266845354222383,16.17082846587641,1.067381416889532,0.4269525667558128,0.7471669918226724,0.3202144250668596,2.8819298256017367,0.4803216376002894,0.0,0.0533690708444766,2.454977258845924,0.1067381416889532,4.3478260869565215,107.0049870431756,67.09102244389047,38.10418952618453,0.0,0.0,0.0,0.0,0.0,0.0,0.0,0.0,0.0,0.0,0.0,0.0,0.0,False 10
5692,Juan Fernando Quintero Paniagua,1081.48,Center Attacking Midfield,midfielder,51.0134260457891,79.6084828711256,14.81303399045752,64.60674157303372,7.572955579391205,43.95604395604396,0.4993157524873322,16.666666666666664,0.9986315049746644,0.166438584162444,53.510004808225766,1.3315086732995525,0.4160964604061101,0.312,0.083219292081222,0.0603105969282834,0.2496578762436661,0.0,0.0,3.328771683248881,1.6643858416244406,50.0,3.079113807005215,0.7489736287309983,5.991789029847986,0.5825350445685542,0.3328771683248881,0.5825350445685542,0.166438584162444,3.7448681436549913,0.0,0.0,0.0,0.7489736287309983,0.083219292081222,11.11111111111111,161.11254946924586,66.95273760330583,50.25289256198352,0.0,0.0,0.0,0.0,0.0,0.0,0.0,0.0,0.0,0.0,0.0,0.0,0.0,Second Striker
